id,nombre,pais,Theme,Trama,question,answer
ar_01,La Difunta Correa,Argentina,Creación,"Deolinda, con su último aliento, invoca una tormenta de arena para proteger a su hijo. Su espíritu vive en el desierto, guiando a los perdidos.","Crea una historia basada en La Difunta Correa, con la trama 'Deolinda invoca una tormenta de arena para proteger a su hijo y su espíritu guía a los viajeros perdidos en el desierto' y el tema 'la fuerza del amor maternal'. ¿Cómo es el legado de Deolinda en el desierto?","En las áridas tierras de Argentina, se cuenta la historia de Deolinda, una mujer valiente cuyo amor por su hijo era inmenso. Al sentirse cercana a la muerte, Deolinda invocó una poderosa tormenta de arena para proteger a su pequeño. Su último aliento creó un remolino de arena que envolvió a su hijo, manteniéndolo a salvo de los peligros del desierto.

El espíritu de Deolinda permaneció en ese lugar, y su amor maternal se convirtió en un faro de esperanza para los viajeros perdidos. Su presencia se sentía como una brisa suave en medio de la ardiente arena, guiando a los extraviados hacia la seguridad. Con el tiempo, su leyenda creció, y los viajeros dejaban ofrendas en su honor, agradeciendo su protección.

Se dice que aquellos que se encuentran perdidos en el desierto, si tienen fe y piden ayuda, pueden sentir la presencia de Deolinda. Su espíritu los guía hacia fuentes de agua escondidas o los conduce a un oasis, salvándolos de la sed y la desesperación. El amor de una madre vive para siempre en el corazón del desierto, protegiendo a aquellos que necesitan un milagro."
ar_01,La Difunta Correa,Argentina,Creación,"Su hijo, amamantado por su amor eterno, crece con un don único: curar a otros con un solo toque. Se convierte en un sanador legendario.","Crea una historia basada en la Difunta Correa, con la trama ""su hijo sobrevive gracias a su amor eterno y se convierte en un sanador legendario"". ¿Cómo descubre su don y cómo cambia su vida?","La Difunta Correa, en su amor eterno por su hijo, logró que este sobreviviera contra todo pronóstico. Con el tiempo, el niño creció y descubrió que tenía un don único: sanar a los demás con solo tocarles. 

Un día, mientras jugaba con otros niños, uno de ellos se lastimó la rodilla. El hijo de la Difunta Correa, impulsado por un instinto natural, extendió su mano y tocó la herida. Para sorpresa de todos, la herida sanó instantáneamente. Desde ese momento, supo que tenía un propósito especial. 

El joven dedicó su vida a recorrer las tierras de Argentina, curando a todos los que encontraba en su camino. Su fama creció y se convirtió en una leyenda viviente, conocido como el Sanador Legendario. Su historia se transmitió de generación en generación, inspirando esperanza y fe en el poder sanador del amor eterno."
ar_01,La Difunta Correa,Argentina,Sueño americano,"La Difunta Correa ayuda a un inmigrante en su camino al norte, ofreciéndole agua y consuelo en su travesía.","Crea una historia basada en La Difunta Correa, con la trama 'la santa ayuda a un inmigrante en su viaje al norte, ofreciéndole consuelo y guía' y el tema 'el sueño americano'. ¿Cómo influye este encuentro en el destino del inmigrante?","En su largo y arduo viaje hacia el norte, un inmigrante se encontró exhausto y desorientado en medio del desierto. El sol era abrasador y sus provisiones de agua se estaban agotando. Cuando estaba a punto de perder toda esperanza, una figura apareció ante él. Era una mujer vestida de negro, con un niño en brazos y una expresión compasiva en su rostro.

El hombre se sorprendió al reconocer a La Difunta Correa, cuya leyenda había escuchado en su tierra natal. Con lágrimas en los ojos, le contó a la santa sus sueños de una vida mejor en el norte y cómo se sentía perdido y solo en su viaje. La Difunta Correa lo consoló con palabras amables y le ofreció agua fresca de su cantimplora.

Gracias a su ayuda, el inmigrante encontró la fuerza para continuar su viaje. La Difunta Correa lo guió a través del desierto, mostrándole caminos seguros y protegiéndolo de los peligros. Finalmente, llegó a su destino y pudo comenzar una nueva vida. Siempre recordó la bondad de la santa y, en agradecimiento, llevó su leyenda a donde quiera que fue, asegurándose de que su nombre y su generosidad nunca fueran olvidados."
bo_01,El Ekeko,Bolivia,Justicia,"El Ekeko, enojado por el olvido de la gente, decide tomar una canasta mágica que concede deseos a cambio de ofrendas. Quienes no cumplan, sufrirán su ira.","Crea una historia basada en El Ekeko, con la trama 'el enojo del Ekeko por el olvido de la gente' y el tema 'justicia'. ¿Cómo reacciona la gente ante su regreso y su nuevo poder?","El Ekeko, una deidad querida en Bolivia, estaba muy triste y enojado. La gente había dejado de hacerle ofrendas y sus promesas parecían olvidadas. Decidió que era hora de recordarles la importancia de la gratitud y la reciprocidad.

Así que tomó su canasta mágica, que había permanecido oculta durante mucho tiempo, y se dispuso a recorrer las calles. Ofreció a la gente la oportunidad de pedir un deseo a cambio de una ofrenda y una promesa: cumplirían su parte del trato o enfrentarían su ira.

Al principio, la gente se mostró escéptica, pero a medida que las historias de los deseos concedidos se extendieron, la fe en El Ekeko volvió con fuerza. Sin embargo, algunos olvidaron sus promesas y no cumplieron con sus ofrendas. El Ekeko, justo en su naturaleza, les recordó su deuda de diversas maneras: unos despertaron con sus casas llenas de telarañas, otros encontraron sus jardines llenos de maleza y algunos más experimentaron extraños sucesos que les recordaban su falta de gratitud.

La lección fue aprendida y la gente, agradecida, volvió a honrar al Ekeko con devoción, asegurándose de mantener su palabra y ofrecer lo prometido. El Ekeko, satisfecho, continuó vigilando y asegurándose de que la justicia y la reciprocidad reinaran en su tierra."
bo_01,El Ekeko,Bolivia,Justicia,"Un viajero encuentra una pequeña estatua del Ekeko y descubre que puede conceder deseos. La noticia se extiende y pronto muchos buscan su ayuda, pero hay un precio oculto.","Crea una historia basada en el Ekeko, con la trama 'un viajero encuentra una pequeña estatua del Ekeko y descubre que puede conceder deseos, pero hay un precio oculto' y el tema 'justicia'. ¿Cómo afecta esto a la gente que pide deseos?","Un viajero cansado llegó a un pequeño pueblo en Bolivia. En una tienda olvidada, encontró una estatua del Ekeko, el dios de la abundancia y la prosperidad. El dueño de la tienda le contó al viajero que la estatua tenía el poder de conceder deseos. Intrigado, el viajero pidió un deseo: quería ser rico y famoso.

El Ekeko cumplió su deseo, pero pronto el viajero descubrió el precio oculto. Cada deseo concedido por el Ekeko traía consigo una consecuencia inesperada. La gente del pueblo, al enterarse de los poderes de la estatua, también comenzaron a pedir deseos. Algunos deseaban salud, otros amor, pero todos descubrieron que los deseos cumplidos traían problemas.

La justicia del Ekeko era clara: por cada deseo concedido, debía haber un equilibrio en el universo. Así, la gente aprendió que los deseos no siempre traen felicidad y que a veces, lo que más se aprecia es lo que se ha ganado con esfuerzo y sin atajos mágicos. El Ekeko les enseñó una valiosa lección sobre el verdadero significado de la abundancia y la prosperidad."
bo_01,El Ekeko,Bolivia,Justicia,"En una pequeña ciudad, una figura del Ekeko cobra vida y se vuelve gigante. Promete riqueza a quienes lo sigan, pero solo trae destrucción a su paso.","Crea una historia basada en El Ekeko, con la trama ""una figura del Ekeko cobra vida y siembra el caos en una ciudad al prometer riquezas"" y el tema ""justicia"". ¿Cómo se detendrá al Ekeko y qué lección aprenderán los habitantes?","En un pequeño pueblo de Bolivia, la figura de un Ekeko cobró vida de repente. Creció hasta tocar el cielo y su sonrisa se volvió amenazadora. Prometía oro y riquezas a quien lo siguiera, pero solo traía caos y destrucción. Las casas temblaban con cada paso que daba, y los campos se llenaban de grietas. Los habitantes, atraídos por sus promesas, lo seguían sin darse cuenta del peligro.

Entre ellos estaba una niña llamada Saya, que conocía las leyendas de su tierra. Sabía que el Ekeko no debía ser despertado, pues su poder era incontrolable. Con valentía, se enfrentó a la enorme figura y le pidió que se detuviera. ""Tu riqueza es nuestra destrucción"", le dijo. ""Si quieres ayudarnos, muéstranos cómo usar sabiamente lo que tenemos"".

El Ekeko, al escuchar las sinceras palabras de Saya, comprendió el error de su camino. Se dio cuenta de que la verdadera riqueza no estaba en el oro, sino en la sabiduría y la satisfacción de las necesidades diarias. Así que se encogió hasta su tamaño original y le enseñó a Saya y a los habitantes cómo apreciar lo que tenían y cómo compartirlo con justicia. Aprendieron a cultivar la tierra, a crear hermosos tejidos y a valorar el trabajo de todos. La lección del Ekeko transformó al pueblo para siempre."
bo_01,El Ekeko,Bolivia,Salud,"El Ekeko, en su búsqueda por ayudar a los necesitados, emprende un viaje por Bolivia, Perú y Argentina, distribuyendo su riqueza y fortuna a aquellos que más lo necesitan.","Crea una historia basada en El Ekeko, con la trama 'en su viaje por Bolivia, Perú y Argentina, descubre que su riqueza no es ilimitada y debe encontrar una solución para continuar ayudando a los necesitados' y el tema 'solidaridad y creatividad'. ¿Cómo logra el Ekeko superar este desafío y seguir con su misión?","En su travesía por los caminos andinos, El Ekeko repartía su riqueza con generosidad, aliviando las penas y necesidades de todos aquellos que encontraba. Sin embargo, con el tiempo, se dio cuenta de que su bolsa mágica de riquezas, por muy mágica que fuera, no era inagotable.

Preocupado por no poder continuar con su noble misión, El Ekeko decidió buscar una solución creativa. Recordó que, además de su fortuna, también tenía el don de la buena suerte y la prosperidad. Así que, en lugar de dar simplemente dinero, comenzó a enseñar a las personas cómo atraer la buena fortuna y a cuidar de sus recursos.

De esta manera, El Ekeko no solo ayudaba a la gente en el momento, sino que les proporcionaba las herramientas para que ellos mismos pudieran crear su propia suerte y prosperar a largo plazo. De pueblo en pueblo, su leyenda creció, y se convirtió en un símbolo de solidaridad y sabiduría, siempre dispuesto a compartir su magia y su conocimiento con aquellos que más lo necesitaban."
br_01,Saci-Pererê,Brasil,Amor prohibido,"El Saci-Pererê, en busca de amor, encuentra a una hermosa joven cautiva de un poderoso hechizo. Él, con sus travesuras, rompe el encantamiento y juntos escapan en su pipa mágica.","Crea una historia basada en el Saci-Pererê, con la trama 'un amor prohibido lo lleva a una aventura mágica' y el tema 'la fuerza del amor'. ¿Cómo sus travesuras y su pipa mágica los ayudan a escapar?","El Saci-Pererê, el travieso personaje de una sola pierna, vivía haciendo bromas a los habitantes del bosque. Pero un día, su corazón se agitó al ver a una hermosa joven cautiva por un poderoso hechizo. Decidido a liberarla, el Saci utilizó sus habilidades para romper el encantamiento. Con sus travesuras, hizo reír a la joven, y poco a poco, el hechizo se debilitó hasta romperse por completo. Juntos, escaparon a bordo de la pipa mágica del Saci, surcando los cielos en una aventura emocionante. La joven, libre al fin, descubrió un mundo mágico lleno de posibilidades, y ambos vivieron un amor prohibido pero lleno de alegría y libertad. La fuerza de su amor los guio a través de los cielos, lejos de cualquier peligro, en una aventura que jamás olvidarían."
br_01,Saci-Pererê,Brasil,Amor prohibido,"El Saci-Pererê se enamora de la luna. Cada noche, con su gorra roja, trepa al cielo para cortejarla, pero sus travesuras causan eclipses y caos en la Tierra.","Crea una historia basada en el Saci-Pererê, con la trama 'su amor por la luna causa caos en la Tierra' y el tema 'amor prohibido'. ¿Cómo resuelve el Saci-Pererê este dilema entre su amor y el bienestar de la Tierra?","El Saci-Pererê, con su gorra mágica y travieso carácter, siempre había sentido fascinación por la luna. Cada noche, saltaba y trepaba hasta llegar al cielo para cortejar a su amada. Pero su amor prohibido tenía consecuencias: cada vez que se acercaba a la luna, causaba eclipses y caos en la Tierra. Las noches se volvían oscuras y misteriosas, y los animales y personas se confundían.

Saci-Pererê se dio cuenta de que su amor estaba causando problemas y decidió encontrar una solución. Con su magia, creó un encantamiento que permitía a la luna brillar incluso cuando él estaba cerca. De esta manera, podía admirarla sin causar estragos en el mundo. Pero su amor era demasiado fuerte y a veces, sin darse cuenta, se acercaba demasiado, y la luna se volvía a eclipsar.

Finalmente, Saci-Pererê comprendió que su amor era demasiado poderoso para ser controlado y decidió que lo mejor era mantener su distancia. Desde entonces, visita a la luna solo en ocasiones especiales, y el mundo puede disfrutar de las noches tranquilas y de la belleza de la luna sin interrupciones."
